query_id,dataset,seed,mode,method,selected_action,dense_search_ms,bm25_search_ms,graph_expansion_ms,fusion_ms,cross_encoder_ms,feature_extraction_ms,router_decision_ms,total_ms,cross_encoder_calls,candidates_reranked,candidates_explored
PLAIN-1018,nfcorpus,42,high_recall,high_recall,Deep Hybrid,0.3094999701716006,1.13800005055964,0.00990001717582345,0.021599989850074053,614.4286999478936,2.7061000000685453,1.1832000454887748,619.7970000212081,1,100,0
PLAIN-1050,nfcorpus,42,high_recall,high_recall,Dense,0.317899975925684,2.8918000170961022,0.010200019460171461,0.022499996703118086,0.0,0.16910000704228878,1.0881000198423862,4.499600036069751,0,0,0
PLAIN-1066,nfcorpus,42,high_recall,high_recall,Deep Hybrid,0.3510999958962202,2.8596000047400594,0.009300012607127428,0.025300018023699522,628.130599972792,2.2193000186234713,1.0306999902240932,634.6259000129066,1,100,0
PLAIN-1119,nfcorpus,42,high_recall,high_recall,Deep Hybrid,0.28229999588802457,2.2532999864779413,0.010000017937272787,0.024499953724443913,574.6567000751384,2.3858000058680773,1.1752000427804887,580.7878000778146,1,100,0
PLAIN-112,nfcorpus,42,high_recall,high_recall,Deep Hybrid,0.32429996645078063,4.512100014835596,0.011299969628453255,0.02900004619732499,610.9156999737024,3.336199966724962,1.0417000157758594,620.1702999533154,1,100,0
PLAIN-1151,nfcorpus,42,high_recall,high_recall,Deep Hybrid,0.27790002059191465,3.2905000261962414,0.009700015652924776,0.021799991372972727,592.9146999260411,2.4785000132396817,1.611199986655265,600.6042999797501,1,100,0
PLAIN-1161,nfcorpus,42,high_recall,high_recall,Deep Hybrid,0.3188000409863889,2.022799977567047,0.009800016414374113,0.021799991372972727,624.9285999801941,2.582099987193942,1.2864999589510262,631.1703999526799,1,100,0
PLAIN-1172,nfcorpus,42,high_recall,high_recall,Deep Hybrid,0.30150002567097545,1.4946999726817012,0.010100018698722124,0.023200002033263445,606.0517000150867,2.2219999809749424,1.0579999652691185,611.1611999804154,1,100,0
PLAIN-1193,nfcorpus,42,high_recall,high_recall,Deep Hybrid,0.29719999292865396,2.0746999653056264,0.009000010322779417,0.022899999748915434,917.0259000384249,2.5560000212863088,1.021199976094067,923.0069000041112,1,100,0
PLAIN-12,nfcorpus,42,high_recall,high_recall,Dense,0.3035000408999622,4.848599957767874,0.00990001717582345,0.02440001117065549,0.0,2.537699998356402,1.028299971949309,8.752399997320026,0,0,0
PLAIN-1236,nfcorpus,42,high_recall,high_recall,Deep Hybrid,0.3274999908171594,1.1215000413358212,0.009399955160915852,0.02269999822601676,873.3347000670619,2.4913999950513244,1.0438999743200839,878.3511000219733,1,100,0
PLAIN-1262,nfcorpus,42,high_recall,high_recall,Deep Hybrid,0.2867000293917954,5.346699967049062,0.010000017937272787,0.025500019546598196,828.7976999417879,2.447199949529022,1.0224999859929085,837.9362999112345,1,100,0
PLAIN-1275,nfcorpus,42,high_recall,high_recall,Dense,0.2817999920807779,2.5077000027522445,0.009200011845678091,0.02389994915574789,0.0,2.5660000392235816,1.0301999864168465,6.418799981474876,0,0,0
PLAIN-1288,nfcorpus,42,high_recall,high_recall,Deep Hybrid,0.3197999903932214,1.3704000157304108,0.0097999582067132,0.02370000584051013,874.3277000030503,2.571500022895634,0.997499970253557,879.6203999663703,1,100,0
PLAIN-1299,nfcorpus,42,high_recall,high_recall,Deep Hybrid,0.3388000186532736,2.2089999984018505,0.010200019460171461,0.02429995220154524,911.7382999975234,3.155200043693185,1.0405000066384673,918.5163000365719,1,100,0
PLAIN-1353,nfcorpus,42,high_recall,high_recall,Deep Hybrid,0.33569999504834414,1.1716000153683126,0.009100011084228754,0.02169999061152339,839.9838999612257,2.1855999948456883,1.0073999874293804,844.7149999556132,1,100,0
PLAIN-1363,nfcorpus,42,high_recall,high_recall,Deep Hybrid,0.30449999030679464,1.4281999901868403,0.008600007276982069,0.022499996703118086,642.8825000184588,2.2311999928206205,1.047800004016608,647.9252999997698,1,100,0
PLAIN-1387,nfcorpus,42,high_recall,high_recall,Deep Hybrid,0.30699995113536716,1.0949000134132802,0.008300004992634058,0.02370000584051013,606.1935999896377,2.527999982703477,1.0315999970771372,611.1870999448001,1,100,0
PLAIN-1398,nfcorpus,42,high_recall,high_recall,Deep Hybrid,0.270900025498122,1.1766999959945679,0.008700008038431406,0.023300002794712782,615.9553999896161,0.4946999833919108,1.0278000263497233,618.9575000316836,1,100,0
PLAIN-143,nfcorpus,42,high_recall,high_recall,Deep Hybrid,0.31670002499595284,4.2313999729231,0.009100011084228754,0.02619996666908264,669.7907000198029,2.6183000300079584,0.9986000368371606,677.9910000623204,1,100,0
PLAIN-1441,nfcorpus,42,high_recall,high_recall,Deep Hybrid,0.28660002863034606,1.3135999906808138,0.009299954399466515,0.025600020308047533,558.2136000157334,3.120000008493662,0.9907000348903239,563.959400053136,1,100,0
PLAIN-1473,nfcorpus,42,high_recall,high_recall,Deep Hybrid,0.3153000143356621,1.2649999698624015,0.009600014891475439,0.022599997464567423,827.2831999929622,2.1890999632887542,1.0309999925084412,832.1157999453135,1,100,0
PLAIN-1506,nfcorpus,42,high_recall,high_recall,Deep Hybrid,0.33409998286515474,1.1537999962456524,0.009100011084228754,0.023799948394298553,904.2797000729479,2.4500000290572643,0.9923999896273017,909.2429000302218,1,100,0
PLAIN-1527,nfcorpus,42,high_recall,high_recall,Deep Hybrid,0.3011999651789665,2.639800019096583,0.00890000956133008,0.02640002639964223,674.8119999538176,2.5642000255174935,1.0364999761804938,681.3889999757521,1,100,0
PLAIN-153,nfcorpus,42,high_recall,high_recall,Deep Hybrid,0.3173999721184373,4.5844000414945185,0.009499955922365189,0.0247000134550035,642.1217999886721,2.386000007390976,1.0607999865897,650.5045999656431,1,100,0
PLAIN-1537,nfcorpus,42,high_recall,high_recall,Deep Hybrid,0.31319999834522605,2.362100000027567,0.009699957445263863,0.027200032491236925,641.5097000426613,2.577100007329136,1.0089999996125698,647.8080000379123,1,100,0
PLAIN-1547,nfcorpus,42,high_recall,high_recall,Deep Hybrid,0.31209998996928334,2.626099972985685,0.010800024028867483,0.02429995220154524,634.8837000550702,2.493900014087558,0.9978000307455659,641.3487000390887,1,100,0
PLAIN-1568,nfcorpus,42,high_recall,high_recall,Deep Hybrid,0.2937000244855881,2.0622999873012304,0.010000017937272787,0.02400000812485814,635.0481999688782,2.5024000206030905,1.0384999914094806,640.9791000187397,1,100,0
PLAIN-1601,nfcorpus,42,high_recall,high_recall,Deep Hybrid,0.2919000107795,1.1057000374421477,0.009199953638017178,0.023800006601959467,622.1325999940746,2.704199985601008,0.9923999896273017,627.2597999777645,1,100,0
PLAIN-1611,nfcorpus,42,high_recall,high_recall,Deep Hybrid,0.2919000107795,1.2774000060744584,0.009600014891475439,0.02210005186498165,832.6866999268532,0.16569998115301132,1.0000999900512397,835.4534999816678,1,100,0
PLAIN-1621,nfcorpus,42,high_recall,high_recall,Dense,0.29910000739619136,1.2447999906726182,0.008500006515532732,0.021499989088624716,0.0,0.17170002683997154,1.0222999844700098,2.7679000049829483,0,0,0
PLAIN-1656,nfcorpus,42,high_recall,high_recall,Deep Hybrid,0.26970001636072993,2.278400002978742,0.009499955922365189,0.025300018023699522,591.0901000024751,2.509700017981231,1.0012000566348433,597.1839000703767,1,100,0
PLAIN-1710,nfcorpus,42,high_recall,high_recall,Dense,0.3412999794818461,1.2906999909318984,0.00790000194683671,0.023300002794712782,0.0,2.5816999841481447,1.0777999996207654,5.322699958924204,0,0,0
PLAIN-1721,nfcorpus,42,high_recall,high_recall,Deep Hybrid,0.31860003946349025,2.5840000016614795,0.010800024028867483,0.025200017262250185,741.0813999013044,2.5250999606214464,1.0525999823585153,747.5976999267004,1,100,0
PLAIN-1731,nfcorpus,42,high_recall,high_recall,Deep Hybrid,0.28169999131932855,1.1987999896518886,0.009200011845678091,0.023800006601959467,621.1133999750018,2.5366999907419086,0.9834999800659716,626.1470999452285,1,100,0
PLAIN-1752,nfcorpus,42,high_recall,high_recall,Dense,0.2919000107795,1.248600019607693,0.010199961252510548,0.02269999822601676,0.0,0.16060000052675605,1.0313999955542386,2.765399985946715,0,0,0
PLAIN-1794,nfcorpus,42,high_recall,high_recall,Deep Hybrid,0.3373000072315335,1.2347999727353454,0.008800008799880743,0.023600005079060793,872.9530000127852,2.590599993709475,0.9806000161916018,878.1287000165321,1,100,0
PLAIN-1805,nfcorpus,42,high_recall,high_recall,Dense,0.30780001543462276,2.623800013680011,0.009100011084228754,0.02519995905458927,0.0,2.6283999904990196,0.9913999820128083,6.58569997176528,0,0,0
PLAIN-1847,nfcorpus,42,high_recall,high_recall,Deep Hybrid,0.3212000010535121,1.3436999870464206,0.00990001717582345,0.023200002033263445,651.6368000302464,2.2060999763198197,1.02090003201738,656.5618000458926,1,100,0
PLAIN-186,nfcorpus,42,high_recall,high_recall,Deep Hybrid,0.26560004334896803,4.008499963674694,0.009500014130026102,0.02789997961372137,748.2889000093564,2.5582999805919826,1.0179999517276883,756.1766999424435,1,100,0
PLAIN-1887,nfcorpus,42,high_recall,high_recall,Deep Hybrid,0.2878999803215265,2.3089000023901463,0.008500006515532732,0.02400000812485814,602.2291999543086,2.4984999909065664,0.9750000317580998,608.3319999743253,1,100,0
PLAIN-1940,nfcorpus,42,high_recall,high_recall,Deep Hybrid,0.32079999800771475,1.144799985922873,0.009400013368576765,0.022199994418770075,749.9292999855243,2.439600008074194,0.9868000051937997,754.8528999905102,1,100,0
PLAIN-1950,nfcorpus,42,high_recall,high_recall,Deep Hybrid,0.3153000143356621,1.2455000542104244,0.009800016414374113,0.024600012693554163,615.6062999507412,2.4535999982617795,1.0081999935209751,620.663300040178,1,100,0
PLAIN-2,nfcorpus,42,high_recall,high_recall,Deep Hybrid,0.29120000544935465,6.889100011903793,0.010500021744519472,0.028499984182417393,664.3499999772757,2.605999994557351,1.0411000112071633,675.2164000063203,1,100,0
PLAIN-2009,nfcorpus,42,high_recall,high_recall,Deep Hybrid,0.3184000379405916,1.0937000042758882,0.009499955922365189,0.022799998987466097,802.0886000012979,2.4412000202573836,0.9851999930106103,806.9594000116922,1,100,0
PLAIN-2019,nfcorpus,42,high_recall,high_recall,Deep Hybrid,0.3400000277906656,1.3470000121742487,0.010299962013959885,0.021899992134422064,789.3280999851413,2.251500030979514,0.9999999892897904,794.2987999995239,1,100,0
PLAIN-2030,nfcorpus,42,high_recall,high_recall,Deep Hybrid,0.31730002956464887,1.147999952081591,0.009500014130026102,0.02540001878514886,645.7096000085585,2.5714999646879733,0.9830000344663858,650.7643000222743,1,100,0
PLAIN-2040,nfcorpus,42,high_recall,high_recall,Deep Hybrid,0.28420001035556197,1.3034999719820917,0.009300012607127428,0.022899999748915434,618.5177000006661,2.531500009354204,0.999599986243993,623.668699990958,1,100,0
PLAIN-2051,nfcorpus,42,high_recall,high_recall,Deep Hybrid,0.2970999921672046,2.3625000030733645,0.00890000956133008,0.02529995981603861,635.4461000300944,2.5713000213727355,1.0211000335402787,641.7323000496253,1,100,0
PLAIN-2071,nfcorpus,42,high_recall,high_recall,Dense,0.3094999701716006,1.3735999818891287,0.008800008799880743,0.021799991372972727,0.0,2.6578999822959304,1.438800012692809,5.810399947222322,0,0,0
PLAIN-2092,nfcorpus,42,high_recall,high_recall,Dense,0.285700021777302,1.2712000170722604,0.008700008038431406,0.02300000051036477,0.0,2.6222000014968216,1.1641999590210617,5.375000007916242,0,0,0
PLAIN-2102,nfcorpus,42,high_recall,high_recall,Deep Hybrid,0.2882999833673239,1.1931000044569373,0.00909995287656784,0.0247000134550035,739.4283000612631,2.556100022047758,1.044799981173128,744.5444000186399,1,100,0
PLAIN-2113,nfcorpus,42,high_recall,high_recall,Deep Hybrid,0.30960002914071083,2.188799961004406,0.009800016414374113,0.024600012693554163,659.9080000305548,2.5038000312633812,1.0621999972499907,666.0068000783212,1,100,0
PLAIN-2124,nfcorpus,42,high_recall,high_recall,Deep Hybrid,0.3100999747402966,1.1688999948091805,0.008000002708286047,0.02300000051036477,665.9052000031807,2.504299976862967,1.0611999896354973,670.9806999424472,1,100,0
PLAIN-2134,nfcorpus,42,high_recall,high_recall,Dense,0.3169000265188515,1.3979999930597842,0.009500014130026102,0.021199986804276705,0.0,0.1574999769218266,1.0266000172123313,2.9297000146470964,0,0,0
PLAIN-2167,nfcorpus,42,high_recall,high_recall,Deep Hybrid,0.31099998159334064,1.3714000233449042,0.008999952115118504,0.02340000355616212,900.4347000154667,2.2154999896883965,1.0193000198341906,905.3842999855988,1,100,0
PLAIN-2187,nfcorpus,42,high_recall,high_recall,Deep Hybrid,0.34170004073530436,1.206299988552928,0.009500014130026102,0.02619996666908264,908.6645999923348,2.1493000094778836,0.9965000208467245,913.3941000327468,1,100,0
PLAIN-2209,nfcorpus,42,high_recall,high_recall,Dense,0.3092999686487019,1.124100002925843,0.009700015652924776,0.020499981474131346,0.0,0.16120000509545207,0.9819999686442316,2.6067999424412847,0,0,0
PLAIN-2220,nfcorpus,42,high_recall,high_recall,Deep Hybrid,0.31319999834522605,1.1633000103756785,0.009200011845678091,0.022099993657320738,608.5130000137724,2.4491999647580087,1.0120999650098383,613.4820999577641,1,100,0
PLAIN-2230,nfcorpus,42,high_recall,high_recall,Deep Hybrid,0.2989000058732927,1.1687999940477312,0.009200011845678091,0.021499989088624716,855.5924000102095,2.1745000267401338,1.0223999852314591,860.2877000230365,1,100,0
PLAIN-2240,nfcorpus,42,high_recall,high_recall,Dense,0.3203999949619174,2.011900010984391,0.009000010322779417,0.022899999748915434,0.0,2.5283999857492745,1.0209999745711684,5.913599976338446,0,0,0
PLAIN-2250,nfcorpus,42,high_recall,high_recall,Deep Hybrid,0.27949997456744313,2.246399992145598,0.010400020983070135,0.021799991372972727,561.3938000169583,2.509300014935434,1.0012999991886318,567.4625000101514,1,100,0
PLAIN-2281,nfcorpus,42,high_recall,high_recall,Deep Hybrid,0.325599976349622,1.20599998626858,0.009100011084228754,0.02300000051036477,849.4391000131145,0.4521000082604587,1.0628000018186867,852.5176999974065,1,100,0
PLAIN-23,nfcorpus,42,high_recall,high_recall,Deep Hybrid,0.32950000604614615,8.40369996149093,0.009600014891475439,0.02729997504502535,730.8180000400171,2.390199981164187,1.0452999849803746,743.0235999636352,1,100,0
PLAIN-2301,nfcorpus,42,high_recall,high_recall,Deep Hybrid,0.31350000062957406,2.2539999918080866,0.010600022505968809,0.02440001117065549,737.0274999993853,2.4656999739818275,1.0226999875158072,743.1183999869972,1,100,0
PLAIN-2354,nfcorpus,42,high_recall,high_recall,Dense,0.29419997008517385,2.0834000315517187,0.009399955160915852,0.02440001117065549,0.0,2.5648000300861895,1.075900043360889,6.052100041415542,0,0,0
PLAIN-2396,nfcorpus,42,high_recall,high_recall,Dense,0.3203999949619174,1.3999000075273216,0.008600007276982069,0.022599997464567423,0.0,0.16449997201561928,1.0027000098489225,2.9186999890953302,0,0,0
PLAIN-2440,nfcorpus,42,high_recall,high_recall,Deep Hybrid,0.3693000180646777,8.1783999921754,0.009999959729611874,0.026300025638192892,766.146200010553,2.4615000002086163,1.0498000192455947,778.2415000256151,1,100,0
PLAIN-2450,nfcorpus,42,high_recall,high_recall,Dense,0.3307000151835382,4.427800013218075,0.00689999433234334,0.026899971999228,0.0,2.4834999931044877,0.997499970253557,8.27329995809123,0,0,0
PLAIN-2470,nfcorpus,42,high_recall,high_recall,Deep Hybrid,0.3165999660268426,6.27610000083223,0.010500021744519472,0.034999975468963385,667.8313000011258,2.8274000505916774,1.025599951390177,678.3224999671802,1,100,0
PLAIN-248,nfcorpus,42,high_recall,high_recall,Deep Hybrid,0.3453000099398196,6.092199997510761,0.009400013368576765,0.02559996210038662,626.852500019595,2.0185000030323863,0.9874000097624958,636.3309000153095,1,100,0
PLAIN-2490,nfcorpus,42,high_recall,high_recall,Deep Hybrid,0.298099999781698,7.261199993081391,0.009500014130026102,0.02719997428357601,846.516799996607,2.0908000296913087,1.0293999803252518,857.2329999879003,1,100,0
PLAIN-2500,nfcorpus,42,high_recall,high_recall,Deep Hybrid,0.2880999818444252,7.257400022353977,0.009000010322779417,0.026699970476329327,611.6605999995954,2.583599998615682,1.0144999832846224,622.8398999664932,1,100,0
PLAIN-2510,nfcorpus,42,high_recall,high_recall,Deep Hybrid,0.25889999233186245,4.766699974425137,0.008800008799880743,0.025699962861835957,636.406900070142,2.598299994133413,1.000800053589046,645.0661000562832,1,100,0
PLAIN-2520,nfcorpus,42,high_recall,high_recall,Deep Hybrid,0.3063000040128827,5.042900040280074,0.010499963536858559,0.026300025638192892,710.1503000012599,2.2772999946027994,1.0234999936074018,718.8371000229381,1,100,0
PLAIN-2530,nfcorpus,42,high_recall,high_recall,Dense,0.31370000215247273,5.313700006809086,0.008700008038431406,0.026499968953430653,0.0,2.531800011638552,0.9981999755837023,9.192599973175675,0,0,0
PLAIN-2540,nfcorpus,42,high_recall,high_recall,Deep Hybrid,0.2853000187315047,4.344200016930699,0.009299954399466515,0.026500027161091566,705.6868999497965,2.5342999724671245,0.9815000230446458,713.867999962531,1,100,0
PLAIN-2550,nfcorpus,42,high_recall,high_recall,Deep Hybrid,0.28579996433109045,5.28340000892058,0.010500021744519472,0.025999965146183968,877.7894000522792,2.521799993701279,1.0112000163644552,886.9281000224873,1,100,0
PLAIN-2600,nfcorpus,42,high_recall,high_recall,Dense,0.32480002846568823,4.294699989259243,0.010000017937272787,0.026499968953430653,0.0,2.639700018335134,1.04010000359267,8.335800026543438,0,0,0
PLAIN-2610,nfcorpus,42,high_recall,high_recall,Deep Hybrid,0.3198999911546707,5.770999996457249,0.008899951353669167,0.026800029445439577,715.5983000411652,2.5308000040240586,1.0201999684795737,725.2758999820799,1,100,0
PLAIN-2620,nfcorpus,42,high_recall,high_recall,Deep Hybrid,0.26920001255348325,6.203799974173307,0.00990001717582345,0.026999972760677338,576.9747000304051,2.508800011128187,1.0577000211924314,587.051100039389,1,100,0
PLAIN-2630,nfcorpus,42,high_recall,high_recall,Dense,0.32839999767020345,4.84200002392754,0.010100018698722124,0.025799963623285294,0.0,2.506099990569055,1.0288999765180051,8.74129997100681,0,0,0
PLAIN-2640,nfcorpus,42,high_recall,high_recall,Deep Hybrid,0.26509998133406043,6.181000033393502,0.00909995287656784,0.026600027922540903,611.4603000460193,2.566699986346066,1.0238999966531992,621.5327000245452,1,100,0
PLAIN-2650,nfcorpus,42,high_recall,high_recall,Deep Hybrid,0.27740001678466797,4.451100016012788,0.00790000194683671,0.02459995448589325,594.7667000000365,2.5451999972574413,1.0340999579057097,603.1069999444298,1,100,0
PLAIN-2660,nfcorpus,42,high_recall,high_recall,Deep Hybrid,0.3129999968223274,7.667500001844019,0.009999959729611874,0.025600020308047533,645.5582000198774,2.4096000124700367,0.9858999983407557,656.9698000093922,1,100,0
PLAIN-2670,nfcorpus,42,high_recall,high_recall,Deep Hybrid,0.29830000130459666,3.998299944214523,0.010200019460171461,0.024900014977902174,923.9410000154749,2.3526999866589904,0.9897000272758305,931.6151000093669,1,100,0
PLAIN-2680,nfcorpus,42,high_recall,high_recall,Deep Hybrid,0.32489997101947665,7.173200021497905,0.013199984095990658,0.027300033252686262,581.9830999826081,2.670799964107573,1.0097999474965036,593.2022999040782,1,100,0
PLAIN-270,nfcorpus,42,high_recall,high_recall,Deep Hybrid,0.2685000072233379,4.786300007253885,0.009100011084228754,0.02500001573935151,614.5815000054426,2.46529997093603,1.012600027024746,623.1483000447042,1,100,0
PLAIN-2700,nfcorpus,42,high_recall,high_recall,Deep Hybrid,0.28450001263991,5.552800022996962,0.009699957445263863,0.02640002639964223,635.7891999650747,2.4828999885357916,0.9852999937720597,645.1307999668643,1,100,0
PLAIN-2710,nfcorpus,42,high_recall,high_recall,Deep Hybrid,0.3174000303260982,4.881499975454062,0.00990001717582345,0.024799956008791924,591.5101000573486,2.4624000070616603,0.9907999774441123,600.1969000208192,1,100,0
PLAIN-2720,nfcorpus,42,high_recall,high_recall,Deep Hybrid,0.29340002220124006,5.8725999551825225,0.01260003773495555,0.027699978090822697,864.1411000280641,1.9682999700307846,1.0153999901376665,873.3310999814421,1,100,0
PLAIN-2760,nfcorpus,42,high_recall,high_recall,Deep Hybrid,0.29479997465386987,5.137600004673004,0.015400000847876072,0.026399968191981316,598.2290000538342,2.433300018310547,1.03270000545308,607.1692000259645,1,100,0
PLAIN-2790,nfcorpus,42,high_recall,high_recall,Deep Hybrid,0.3200999926775694,5.389300000388175,0.009000010322779417,0.026799971237778664,893.8634000369348,2.86539999069646,0.9749000309966505,903.4489000332542,1,100,0
PLAIN-2800,nfcorpus,42,high_recall,high_recall,Deep Hybrid,0.34660001983866096,5.543399951420724,0.008600007276982069,0.03090000245720148,643.8598000677302,2.4646000238135457,1.18240003939718,653.4363001119345,1,100,0
PLAIN-2810,nfcorpus,42,high_recall,high_recall,Deep Hybrid,0.30210003023967147,7.48799997381866,0.009800016414374113,0.026399968191981316,609.3768000137061,2.5551000144332647,1.0379999876022339,620.7962000044063,1,100,0
PLAIN-2830,nfcorpus,42,high_recall,high_recall,Deep Hybrid,0.30919996788725257,4.172899993136525,0.008500006515532732,0.025900022592395544,626.5625000232831,2.5910999975167215,1.0161999962292612,634.6863000071608,1,100,0
PLAIN-2850,nfcorpus,42,high_recall,high_recall,Deep Hybrid,0.3294000052846968,7.487599970772862,0.009600014891475439,0.026899971999228,653.0432000290602,2.5574000319465995,1.0728000197559595,664.5269000437111,1,100,0
PLAIN-2860,nfcorpus,42,high_recall,high_recall,Deep Hybrid,0.311999989207834,5.6844999780878425,0.010700023267418146,0.026799971237778664,606.0373000218533,2.592200005892664,1.0016000014729798,615.6650999910198,1,100,0
PLAIN-2870,nfcorpus,42,high_recall,high_recall,Deep Hybrid,0.29389996780082583,4.216899978928268,0.009800016414374113,0.025100016500800848,668.4375000186265,2.5348999770358205,1.03420001687482,676.5522999921814,1,100,0
PLAIN-2890,nfcorpus,42,high_recall,high_recall,Deep Hybrid,0.28529996052384377,6.85529998736456,0.010600022505968809,0.027699978090822697,634.1143000754528,2.5887000374495983,0.9915000409819186,644.8734001023695,1,100,0
PLAIN-2920,nfcorpus,42,high_recall,high_recall,Deep Hybrid,0.30670000705868006,4.17959998594597,0.009200011845678091,0.027500034775584936,922.2126999520697,2.4904999881982803,1.0387000511400402,930.2649000310339,1,100,0
PLAIN-2930,nfcorpus,42,high_recall,high_recall,Dense,0.3273999900557101,5.454299971461296,0.009200011845678091,0.028499984182417393,0.0,2.601000014692545,1.0431999689899385,9.463599941227585,0,0,0
PLAIN-2981,nfcorpus,42,high_recall,high_recall,Deep Hybrid,0.2817999920807779,4.034699988551438,0.00990001717582345,0.025300018023699522,646.0243000183254,2.200899994932115,1.0082999942824244,653.5852000233717,1,100,0
PLAIN-2991,nfcorpus,42,high_recall,high_recall,Deep Hybrid,0.2886000438593328,5.153799953404814,0.010100018698722124,0.02640002639964223,714.4035999663174,2.562600013334304,1.0087999980896711,723.4539000201039,1,100,0
PLAIN-3026,nfcorpus,42,high_recall,high_recall,Deep Hybrid,0.3263000398874283,3.289999964181334,0.00990001717582345,0.02659996971487999,939.3076000269502,2.4834999931044877,1.0406000073999166,946.4845000184141,1,100,0
PLAIN-3037,nfcorpus,42,high_recall,high_recall,Dense,0.3007999621331692,7.779600040521473,0.012599979527294636,0.031800009310245514,0.0,2.4754999903962016,0.9852999937720597,11.585599975660443,0,0,0
PLAIN-3074,nfcorpus,42,high_recall,high_recall,Deep Hybrid,0.31130004208534956,6.9268999504856765,0.010200019460171461,0.02659996971487999,954.032699984964,2.5452999980188906,0.998099974822253,964.8510999395512,1,100,0
PLAIN-3131,nfcorpus,42,high_recall,high_recall,Deep Hybrid,0.2848999574780464,5.1658000447787344,0.009700015652924776,0.027100031729787588,920.9505999460816,2.5195999769493937,1.0248999460600317,929.9825999187306,1,100,0
PLAIN-3191,nfcorpus,42,high_recall,high_recall,Deep Hybrid,0.2762000076472759,4.7910999855957925,0.010000017937272787,0.025399960577487946,641.1933000199497,2.6051000459119678,1.0547999991104007,649.9559000367299,1,100,0
PLAIN-3231,nfcorpus,42,high_recall,high_recall,Deep Hybrid,0.2986000035889447,3.811099973972887,0.009200011845678091,0.02600002335384488,590.6408000155352,2.50840000808239,1.0012999991886318,598.2954000355676,1,100,0
PLAIN-3241,nfcorpus,42,high_recall,high_recall,Deep Hybrid,0.2929000183939934,3.708200005348772,0.009800016414374113,0.024900014977902174,1126.7814999446273,2.5476000155322254,1.0443000355735421,1134.409200050868,1,100,0
PLAIN-3251,nfcorpus,42,high_recall,high_recall,Deep Hybrid,0.3102999762631953,2.338999998755753,0.009600014891475439,0.02529995981603861,624.8198000248522,2.4639000184834003,1.019100018311292,630.9870000113733,1,100,0
PLAIN-3261,nfcorpus,42,high_recall,high_recall,Dense,0.38679997669532895,3.796100034378469,0.009399955160915852,0.02570002106949687,0.0,2.2128999698907137,0.9982000337913632,7.429099990986288,0,0,0
PLAIN-3271,nfcorpus,42,high_recall,high_recall,Deep Hybrid,0.2787999692372978,4.968599998392165,0.009200011845678091,0.027099973522126675,645.2837000833824,2.459999988786876,1.0517999762669206,654.0792000014335,1,100,0
PLAIN-3281,nfcorpus,42,high_recall,high_recall,Deep Hybrid,0.31210004817694426,4.900600004475564,0.009400013368576765,0.027600035537034273,976.1215999023989,2.545999945141375,1.012899971101433,984.9301999201998,1,100,0
PLAIN-33,nfcorpus,42,high_recall,high_recall,Deep Hybrid,0.27820002287626266,4.572700010612607,0.010299962013959885,0.02800003858283162,608.8413999532349,2.6078999508172274,0.983599980827421,617.3220999189653,1,100,0
PLAIN-3302,nfcorpus,42,high_recall,high_recall,Dense,0.30640000477433205,2.3018000065349042,0.010600022505968809,0.02889998722821474,0.0,3.0482999864034355,0.9949000086635351,6.69090001611039,0,0,0
PLAIN-3312,nfcorpus,42,high_recall,high_recall,Dense,0.26050000451505184,4.035299993120134,0.009500014130026102,0.026999972760677338,0.0,2.453500055707991,0.970599998254329,7.756400038488209,0,0,0
PLAIN-332,nfcorpus,42,high_recall,high_recall,Deep Hybrid,0.2905000001192093,8.402500010561198,0.010800024028867483,0.026799971237778664,636.5785999805667,2.417100011371076,1.0081999935209751,648.7344999914058,1,100,0
PLAIN-3332,nfcorpus,42,high_recall,high_recall,Deep Hybrid,0.3136999439448118,3.9517999975942075,0.014399993233382702,0.0315000070258975,842.0059000491165,2.574099984485656,0.9821999701671302,849.8735999455675,1,100,0
PLAIN-3362,nfcorpus,42,high_recall,high_recall,Dense,0.31239999225363135,2.902400039602071,0.01009996049106121,0.025500019546598196,0.0,2.529699995648116,1.0355000267736614,6.815600034315139,0,0,0
PLAIN-3382,nfcorpus,42,high_recall,high_recall,Deep Hybrid,0.3155000158585608,5.734400008805096,0.00990001717582345,0.027099973522126675,953.263099945616,2.4902999866753817,1.0426999651826918,962.8829999128357,1,100,0
PLAIN-3412,nfcorpus,42,high_recall,high_recall,Deep Hybrid,0.2894999925047159,3.9928999613039196,0.009100011084228754,0.026300025638192892,671.0715999943204,2.5177999632433057,1.0080999927595258,678.9152999408543,1,100,0
PLAIN-3422,nfcorpus,42,high_recall,high_recall,Deep Hybrid,0.3082000184804201,3.883600002154708,0.009800016414374113,0.025699962861835957,641.1100000259466,2.5509000406600535,1.0441999766044319,648.9324000431225,1,100,0
PLAIN-3432,nfcorpus,42,high_recall,high_recall,Deep Hybrid,0.30400004470720887,2.8883000486530364,0.009199953638017178,0.029699993319809437,653.991499915719,2.5760999997146428,0.9975999710150063,660.7963999267668,1,100,0
PLAIN-344,nfcorpus,42,high_recall,high_recall,Deep Hybrid,0.298099999781698,8.567499986384064,0.009300012607127428,0.028499984182417393,633.4470000001602,1.9727000035345554,0.9982999763451517,645.3213999629952,1,100,0
PLAIN-3442,nfcorpus,42,high_recall,high_recall,Deep Hybrid,0.2885999856516719,3.445399983320385,0.010000017937272787,0.02519995905458927,597.9741000919603,2.4904999881982803,1.0387999936938286,605.2726000198163,1,100,0
PLAIN-3452,nfcorpus,42,high_recall,high_recall,Deep Hybrid,0.30210003023967147,3.2523999689146876,0.008500006515532732,0.024600012693554163,790.9732999978587,2.438900002744049,1.0176999494433403,798.0174999684095,1,100,0
PLAIN-3462,nfcorpus,42,high_recall,high_recall,Deep Hybrid,0.28229999588802457,5.098599998746067,0.009899958968162537,0.027300033252686262,638.893100025598,2.5554000167176127,1.0513999732211232,647.9180000023916,1,100,0
PLAIN-3472,nfcorpus,42,high_recall,high_recall,Dense,0.2677000011317432,8.16820003092289,0.010999967344105244,0.028900045435875654,0.0,2.648100024089217,1.0227999882772565,12.146700057201087,0,0,0
PLAIN-358,nfcorpus,42,high_recall,high_recall,Deep Hybrid,0.2914000069722533,8.591099991463125,0.010200019460171461,0.027499976567924023,703.8815999985673,1.6497999895364046,0.9928999934345484,715.4444999760017,1,100,0
PLAIN-371,nfcorpus,42,high_recall,high_recall,Deep Hybrid,0.31759997364133596,8.365000016056001,0.011599971912801266,0.02800003858283162,897.2272999817505,2.278100000694394,0.9811999625526369,909.2087999451905,1,100,0
PLAIN-407,nfcorpus,42,high_recall,high_recall,Deep Hybrid,0.30970002990216017,5.048699968028814,0.009400013368576765,0.02670002868399024,887.1704999473877,2.4562999606132507,1.0215999791398644,896.0428999271244,1,100,0
PLAIN-418,nfcorpus,42,high_recall,high_recall,Deep Hybrid,0.26350002735853195,5.363999982364476,0.010100018698722124,0.027099973522126675,638.4876000229269,2.484800003003329,0.9994999854825437,647.6366000133567,1,100,0
PLAIN-457,nfcorpus,42,high_recall,high_recall,Dense,0.2780999639071524,7.435999985318631,0.011700030881911516,0.029999995604157448,0.0,2.3923999979160726,0.979200005531311,11.127399979159236,0,0,0
PLAIN-468,nfcorpus,42,high_recall,high_recall,Deep Hybrid,0.3315999638289213,6.475500005763024,0.009600014891475439,0.027699978090822697,690.8761000377126,2.579400024842471,1.0062000364996493,701.306100061629,1,100,0
PLAIN-499,nfcorpus,42,high_recall,high_recall,Dense,0.31189998844638467,1.174400036688894,0.009399955160915852,0.023500004317611456,0.0,0.44410000555217266,0.978299998678267,2.9415999888442457,0,0,0
PLAIN-510,nfcorpus,42,high_recall,high_recall,Deep Hybrid,0.29340002220124006,2.333100012037903,0.0097999582067132,0.021899992134422064,809.8259000107646,0.16080000204965472,0.9881000150926411,813.6330000124872,1,100,0
PLAIN-520,nfcorpus,42,high_recall,high_recall,Dense,0.3071000101044774,1.1813000310212374,0.01009996049106121,0.02300000051036477,0.0,0.16110000433400273,1.0911000426858664,2.77370004914701,0,0,0
PLAIN-541,nfcorpus,42,high_recall,high_recall,Dense,0.31590001890435815,3.175299963913858,0.010000017937272787,0.027399975806474686,0.0,2.539200009778142,1.039199996739626,7.1069999830797315,0,0,0
PLAIN-561,nfcorpus,42,high_recall,high_recall,Dense,0.3229000139981508,1.3643000274896622,0.009700015652924776,0.02459995448589325,0.0,2.419200027361512,1.0341000161133707,5.174800055101514,0,0,0
PLAIN-571,nfcorpus,42,high_recall,high_recall,Dense,0.3255000337958336,1.1632000096142292,0.008599949069321156,0.02440001117065549,0.0,2.464400022290647,0.9948999504558742,4.980999976396561,0,0,0
PLAIN-623,nfcorpus,42,high_recall,high_recall,Deep Hybrid,0.2968000480905175,2.48180003836751,0.009899958968162537,0.026200024876743555,711.7864999454468,2.5258000241592526,0.9677000343799591,718.094700074289,1,100,0
PLAIN-634,nfcorpus,42,high_recall,high_recall,Deep Hybrid,0.30700000934302807,1.158699975349009,0.008200004231184721,0.023300002794712782,620.2889999840409,2.1635000011883676,0.9829000337049365,624.9326000106521,1,100,0
PLAIN-645,nfcorpus,42,high_recall,high_recall,Deep Hybrid,0.3003000165335834,1.4722999767400324,0.009400013368576765,0.0219999928958714,834.1164999874309,0.1637000241316855,0.9985000360757113,837.0827000471763,1,100,0
PLAIN-671,nfcorpus,42,high_recall,high_recall,Deep Hybrid,0.27439999394118786,1.2111000251024961,0.00879995059221983,0.02300000051036477,890.9811999765225,2.633000025525689,1.012900029309094,896.1444000015035,1,100,0
PLAIN-681,nfcorpus,42,high_recall,high_recall,Deep Hybrid,0.32980000833049417,2.049200003966689,0.009300012607127428,0.024600012693554163,646.215399960056,2.6023000245913863,0.9758999804034829,652.2065000026487,1,100,0
PLAIN-701,nfcorpus,42,high_recall,high_recall,Deep Hybrid,0.2880999818444252,2.4944000178948045,0.011499971151351929,0.02889998722821474,627.6303000631742,2.7846000157296658,1.0249000042676926,634.2627000412904,1,100,0
PLAIN-711,nfcorpus,42,high_recall,high_recall,Deep Hybrid,0.3205999964848161,2.25650001084432,0.008199946023523808,0.025500019546598196,664.5701000234112,2.4485000176355243,1.0124000255018473,670.6418000394478,1,100,0
PLAIN-731,nfcorpus,42,high_recall,high_recall,Deep Hybrid,0.30120002338662744,2.014199970290065,0.008700008038431406,0.02529995981603861,859.2070000013337,2.601600019261241,1.0281000286340714,865.1861000107601,1,100,0
PLAIN-741,nfcorpus,42,high_recall,high_recall,Deep Hybrid,0.30999997397884727,1.1703000054694712,0.009100011084228754,0.023300002794712782,629.9338999669999,2.534399973228574,1.0065999813377857,634.9875999148935,1,100,0
PLAIN-751,nfcorpus,42,high_recall,high_recall,Deep Hybrid,0.33840001560747623,2.5594999897293746,0.01190003240481019,0.029499991796910763,593.9727999502793,2.992499968968332,0.9960999595932662,600.9006999083795,1,100,0
PLAIN-771,nfcorpus,42,high_recall,high_recall,Deep Hybrid,0.32729998929426074,2.0543999853543937,0.009500014130026102,0.023100001271814108,693.7450999976136,2.452899992931634,0.9751999750733376,699.587499955669,1,100,0
PLAIN-78,nfcorpus,42,high_recall,high_recall,Deep Hybrid,0.3217000048607588,8.692800009157509,0.0097999582067132,0.026900030206888914,824.2278000107035,2.40899994969368,1.060199982021004,836.7481999448501,1,100,0
PLAIN-806,nfcorpus,42,high_recall,high_recall,Deep Hybrid,0.2785999677143991,2.4775000056251884,0.009800016414374113,0.02589996438473463,716.7730000219308,2.590999996755272,0.9817000245675445,723.1374999973923,1,100,0
PLAIN-817,nfcorpus,42,high_recall,high_recall,Deep Hybrid,0.2790999715216458,2.406700048595667,0.009600014891475439,0.023600005079060793,814.1937999753281,0.16270001651719213,1.0267000179737806,818.102200049907,1,100,0
PLAIN-838,nfcorpus,42,high_recall,high_recall,Dense,0.31510001281276345,1.2137999874539673,0.008400005754083395,0.024799956008791924,0.0,2.474200038705021,1.0135999764315784,5.049899977166206,0,0,0
PLAIN-850,nfcorpus,42,high_recall,high_recall,Deep Hybrid,0.33820001408457756,1.3996000052429736,0.009500014130026102,0.024099950678646564,594.4350000354461,2.496100030839443,1.0026000090874732,599.7051000595093,1,100,0
PLAIN-872,nfcorpus,42,high_recall,high_recall,Deep Hybrid,0.28630002634599805,2.083499974105507,0.009300012607127428,0.024600012693554163,588.0561999510974,2.480399969499558,1.0000999900512397,593.9403999364004,1,100,0
PLAIN-902,nfcorpus,42,high_recall,high_recall,Deep Hybrid,0.3019000287167728,1.4781999634578824,0.013199984095990658,0.0295999925583601,579.3688999838196,1.9810000085271895,1.0176000068895519,584.1903999680653,1,100,0
PLAIN-946,nfcorpus,42,high_recall,high_recall,Deep Hybrid,0.2787999692372978,1.1849000002257526,0.009700015652924776,0.023600005079060793,675.6654999917373,2.5402000173926353,0.9837999823503196,680.6864999816753,1,100,0
PLAIN-977,nfcorpus,42,high_recall,high_recall,Dense,0.3024999750778079,2.046800043899566,0.011400028597563505,0.027399975806474686,0.0,2.1013999939896166,0.992199988104403,5.481700005475432,0,0,0
